<?xml version="1.0" encoding="ISO-8859-1"?>
<guestbook>
  <guest private="yes">
    <name>David Frost</name>
    <email>df@yahoo.com</email>
    <homepage url="www.frost.com">David Frost News</homepage>
    <location>England</location>
    <comment>Nothingmuch</comment>
    <date>Friday, July 30, 2004 - 5:02:33 PM</date>
  </guest>
  <guest private="no">
    <name>Sandil</name>
    <email>sandil@yahoo.com</email>
    <homepage url="www.Sandilhome.com">UAE</homepage>
    <location>uae</location>
    <comment>test this one</comment>
    <date>Monday, July 26, 2004 - 5:11:12 PM</date>
  </guest>
  <guest private="yes">
    <name>Jayaram Krishnasawamy</name>
    <homepage url="http://www.mysorian.com/htek">Programmer</homepage>
    <location>137 Tennyson Drive</location>
    <comment>So,so</comment>
    <date>Thursday, July 23, 2004 -02:52 PM</date>
  </guest>
</guestbook>